,,
Chicken Breast,Poultry,"Lorem ipsum dolor sit amet, consectetur adipiscing elit. Mauris eu nisi massa. Praesent euismod quam diam, a gravida dui laoreet at. Quisque vel rhoncus odio. Nam efficitur ante vel elit mollis, non laoreet nunc cursus. Integer convallis lorem tortor, vitae eleifend turpis aliquet at. Sed placerat felis nec orci elementum bibendum. Cras id magna vel mi hendrerit pulvinar. Suspendisse et gravida lectus."
Ribeye Steak,Beef,"Lorem ipsum dolor sit amet, consectetur adipiscing elit. Mauris eu nisi massa. Praesent euismod quam diam, a gravida dui laoreet at. Quisque vel rhoncus odio. Nam efficitur ante vel elit mollis, non laoreet nunc cursus. Integer convallis lorem tortor, vitae eleifend turpis aliquet at. Sed placerat felis nec orci elementum bibendum. Cras id magna vel mi hendrerit pulvinar. Suspendisse et gravida lectus."
Pork Chops,Pork,"Lorem ipsum dolor sit amet, consectetur adipiscing elit. Mauris eu nisi massa. Praesent euismod quam diam, a gravida dui laoreet at. Quisque vel rhoncus odio. Nam efficitur ante vel elit mollis, non laoreet nunc cursus. Integer convallis lorem tortor, vitae eleifend turpis aliquet at. Sed placerat felis nec orci elementum bibendum. Cras id magna vel mi hendrerit pulvinar. Suspendisse et gravida lectus."
Salmon Fillet,Seafood,"Lorem ipsum dolor sit amet, consectetur adipiscing elit. Mauris eu nisi massa. Praesent euismod quam diam, a gravida dui laoreet at. Quisque vel rhoncus odio. Nam efficitur ante vel elit mollis, non laoreet nunc cursus. Integer convallis lorem tortor, vitae eleifend turpis aliquet at. Sed placerat felis nec orci elementum bibendum. Cras id magna vel mi hendrerit pulvinar. Suspendisse et gravida lectus."
Ground Turkey,Poultry,"Lorem ipsum dolor sit amet, consectetur adipiscing elit. Mauris eu nisi massa. Praesent euismod quam diam, a gravida dui laoreet at. Quisque vel rhoncus odio. Nam efficitur ante vel elit mollis, non laoreet nunc cursus. Integer convallis lorem tortor, vitae eleifend turpis aliquet at. Sed placerat felis nec orci elementum bibendum. Cras id magna vel mi hendrerit pulvinar. Suspendisse et gravida lectus."
Lamb Chops,Lamb,"Lorem ipsum dolor sit amet, consectetur adipiscing elit. Mauris eu nisi massa. Praesent euismod quam diam, a gravida dui laoreet at. Quisque vel rhoncus odio. Nam efficitur ante vel elit mollis, non laoreet nunc cursus. Integer convallis lorem tortor, vitae eleifend turpis aliquet at. Sed placerat felis nec orci elementum bibendum. Cras id magna vel mi hendrerit pulvinar. Suspendisse et gravida lectus."
Bacon,Pork,"Lorem ipsum dolor sit amet, consectetur adipiscing elit. Mauris eu nisi massa. Praesent euismod quam diam, a gravida dui laoreet at. Quisque vel rhoncus odio. Nam efficitur ante vel elit mollis, non laoreet nunc cursus. Integer convallis lorem tortor, vitae eleifend turpis aliquet at. Sed placerat felis nec orci elementum bibendum. Cras id magna vel mi hendrerit pulvinar. Suspendisse et gravida lectus."
Sirloin Steak,Beef,"Lorem ipsum dolor sit amet, consectetur adipiscing elit. Mauris eu nisi massa. Praesent euismod quam diam, a gravida dui laoreet at. Quisque vel rhoncus odio. Nam efficitur ante vel elit mollis, non laoreet nunc cursus. Integer convallis lorem tortor, vitae eleifend turpis aliquet at. Sed placerat felis nec orci elementum bibendum. Cras id magna vel mi hendrerit pulvinar. Suspendisse et gravida lectus."
Turkey Drumsticks,Poultry,"Lorem ipsum dolor sit amet, consectetur adipiscing elit. Mauris eu nisi massa. Praesent euismod quam diam, a gravida dui laoreet at. Quisque vel rhoncus odio. Nam efficitur ante vel elit mollis, non laoreet nunc cursus. Integer convallis lorem tortor, vitae eleifend turpis aliquet at. Sed placerat felis nec orci elementum bibendum. Cras id magna vel mi hendrerit pulvinar. Suspendisse et gravida lectus."
Pork Sausages,Pork,"Lorem ipsum dolor sit amet, consectetur adipiscing elit. Mauris eu nisi massa. Praesent euismod quam diam, a gravida dui laoreet at. Quisque vel rhoncus odio. Nam efficitur ante vel elit mollis, non laoreet nunc cursus. Integer convallis lorem tortor, vitae eleifend turpis aliquet at. Sed placerat felis nec orci elementum bibendum. Cras id magna vel mi hendrerit pulvinar. Suspendisse et gravida lectus."
Tilapia Fillet,Seafood,"Lorem ipsum dolor sit amet, consectetur adipiscing elit. Mauris eu nisi massa. Praesent euismod quam diam, a gravida dui laoreet at. Quisque vel rhoncus odio. Nam efficitur ante vel elit mollis, non laoreet nunc cursus. Integer convallis lorem tortor, vitae eleifend turpis aliquet at. Sed placerat felis nec orci elementum bibendum. Cras id magna vel mi hendrerit pulvinar. Suspendisse et gravida lectus."
Duck Breast,Poultry,"Lorem ipsum dolor sit amet, consectetur adipiscing elit. Mauris eu nisi massa. Praesent euismod quam diam, a gravida dui laoreet at. Quisque vel rhoncus odio. Nam efficitur ante vel elit mollis, non laoreet nunc cursus. Integer convallis lorem tortor, vitae eleifend turpis aliquet at. Sed placerat felis nec orci elementum bibendum. Cras id magna vel mi hendrerit pulvinar. Suspendisse et gravida lectus."
Venison Steaks,Wild,"Lorem ipsum dolor sit amet, consectetur adipiscing elit. Mauris eu nisi massa. Praesent euismod quam diam, a gravida dui laoreet at. Quisque vel rhoncus odio. Nam efficitur ante vel elit mollis, non laoreet nunc cursus. Integer convallis lorem tortor, vitae eleifend turpis aliquet at. Sed placerat felis nec orci elementum bibendum. Cras id magna vel mi hendrerit pulvinar. Suspendisse et gravida lectus."
Italian Sausage,Pork,"Lorem ipsum dolor sit amet, consectetur adipiscing elit. Mauris eu nisi massa. Praesent euismod quam diam, a gravida dui laoreet at. Quisque vel rhoncus odio. Nam efficitur ante vel elit mollis, non laoreet nunc cursus. Integer convallis lorem tortor, vitae eleifend turpis aliquet at. Sed placerat felis nec orci elementum bibendum. Cras id magna vel mi hendrerit pulvinar. Suspendisse et gravida lectus."
Flank Steak,Beef,"Lorem ipsum dolor sit amet, consectetur adipiscing elit. Mauris eu nisi massa. Praesent euismod quam diam, a gravida dui laoreet at. Quisque vel rhoncus odio. Nam efficitur ante vel elit mollis, non laoreet nunc cursus. Integer convallis lorem tortor, vitae eleifend turpis aliquet at. Sed placerat felis nec orci elementum bibendum. Cras id magna vel mi hendrerit pulvinar. Suspendisse et gravida lectus."
Lobster Tail,Seafood,"Lorem ipsum dolor sit amet, consectetur adipiscing elit. Mauris eu nisi massa. Praesent euismod quam diam, a gravida dui laoreet at. Quisque vel rhoncus odio. Nam efficitur ante vel elit mollis, non laoreet nunc cursus. Integer convallis lorem tortor, vitae eleifend turpis aliquet at. Sed placerat felis nec orci elementum bibendum. Cras id magna vel mi hendrerit pulvinar. Suspendisse et gravida lectus."
Quail,Poultry,"Lorem ipsum dolor sit amet, consectetur adipiscing elit. Mauris eu nisi massa. Praesent euismod quam diam, a gravida dui laoreet at. Quisque vel rhoncus odio. Nam efficitur ante vel elit mollis, non laoreet nunc cursus. Integer convallis lorem tortor, vitae eleifend turpis aliquet at. Sed placerat felis nec orci elementum bibendum. Cras id magna vel mi hendrerit pulvinar. Suspendisse et gravida lectus."
T-Bone Steak,Beef,"Lorem ipsum dolor sit amet, consectetur adipiscing elit. Mauris eu nisi massa. Praesent euismod quam diam, a gravida dui laoreet at. Quisque vel rhoncus odio. Nam efficitur ante vel elit mollis, non laoreet nunc cursus. Integer convallis lorem tortor, vitae eleifend turpis aliquet at. Sed placerat felis nec orci elementum bibendum. Cras id magna vel mi hendrerit pulvinar. Suspendisse et gravida lectus."
Whole Chicken,Poultry,"Lorem ipsum dolor sit amet, consectetur adipiscing elit. Mauris eu nisi massa. Praesent euismod quam diam, a gravida dui laoreet at. Quisque vel rhoncus odio. Nam efficitur ante vel elit mollis, non laoreet nunc cursus. Integer convallis lorem tortor, vitae eleifend turpis aliquet at. Sed placerat felis nec orci elementum bibendum. Cras id magna vel mi hendrerit pulvinar. Suspendisse et gravida lectus."
Pork Ribs,Pork,"Lorem ipsum dolor sit amet, consectetur adipiscing elit. Mauris eu nisi massa. Praesent euismod quam diam, a gravida dui laoreet at. Quisque vel rhoncus odio. Nam efficitur ante vel elit mollis, non laoreet nunc cursus. Integer convallis lorem tortor, vitae eleifend turpis aliquet at. Sed placerat felis nec orci elementum bibendum. Cras id magna vel mi hendrerit pulvinar. Suspendisse et gravida lectus."
Shrimp,Seafood,"Lorem ipsum dolor sit amet, consectetur adipiscing elit. Mauris eu nisi massa. Praesent euismod quam diam, a gravida dui laoreet at. Quisque vel rhoncus odio. Nam efficitur ante vel elit mollis, non laoreet nunc cursus. Integer convallis lorem tortor, vitae eleifend turpis aliquet at. Sed placerat felis nec orci elementum bibendum. Cras id magna vel mi hendrerit pulvinar. Suspendisse et gravida lectus."
Duck Leg Quarters,Poultry,"Lorem ipsum dolor sit amet, consectetur adipiscing elit. Mauris eu nisi massa. Praesent euismod quam diam, a gravida dui laoreet at. Quisque vel rhoncus odio. Nam efficitur ante vel elit mollis, non laoreet nunc cursus. Integer convallis lorem tortor, vitae eleifend turpis aliquet at. Sed placerat felis nec orci elementum bibendum. Cras id magna vel mi hendrerit pulvinar. Suspendisse et gravida lectus."
Bison Burger,Wild,"Lorem ipsum dolor sit amet, consectetur adipiscing elit. Mauris eu nisi massa. Praesent euismod quam diam, a gravida dui laoreet at. Quisque vel rhoncus odio. Nam efficitur ante vel elit mollis, non laoreet nunc cursus. Integer convallis lorem tortor, vitae eleifend turpis aliquet at. Sed placerat felis nec orci elementum bibendum. Cras id magna vel mi hendrerit pulvinar. Suspendisse et gravida lectus."
Chorizo Sausage,Pork,"Lorem ipsum dolor sit amet, consectetur adipiscing elit. Mauris eu nisi massa. Praesent euismod quam diam, a gravida dui laoreet at. Quisque vel rhoncus odio. Nam efficitur ante vel elit mollis, non laoreet nunc cursus. Integer convallis lorem tortor, vitae eleifend turpis aliquet at. Sed placerat felis nec orci elementum bibendum. Cras id magna vel mi hendrerit pulvinar. Suspendisse et gravida lectus."
Lamb Shank,Lamb,"Lorem ipsum dolor sit amet, consectetur adipiscing elit. Mauris eu nisi massa. Praesent euismod quam diam, a gravida dui laoreet at. Quisque vel rhoncus odio. Nam efficitur ante vel elit mollis, non laoreet nunc cursus. Integer convallis lorem tortor, vitae eleifend turpis aliquet at. Sed placerat felis nec orci elementum bibendum. Cras id magna vel mi hendrerit pulvinar. Suspendisse et gravida lectus."
Swordfish Steak,Seafood,"Lorem ipsum dolor sit amet, consectetur adipiscing elit. Mauris eu nisi massa. Praesent euismod quam diam, a gravida dui laoreet at. Quisque vel rhoncus odio. Nam efficitur ante vel elit mollis, non laoreet nunc cursus. Integer convallis lorem tortor, vitae eleifend turpis aliquet at. Sed placerat felis nec orci elementum bibendum. Cras id magna vel mi hendrerit pulvinar. Suspendisse et gravida lectus."
Cornish Hen,Poultry,"Lorem ipsum dolor sit amet, consectetur adipiscing elit. Mauris eu nisi massa. Praesent euismod quam diam, a gravida dui laoreet at. Quisque vel rhoncus odio. Nam efficitur ante vel elit mollis, non laoreet nunc cursus. Integer convallis lorem tortor, vitae eleifend turpis aliquet at. Sed placerat felis nec orci elementum bibendum. Cras id magna vel mi hendrerit pulvinar. Suspendisse et gravida lectus."
Ground Bison,Wild,"Lorem ipsum dolor sit amet, consectetur adipiscing elit. Mauris eu nisi massa. Praesent euismod quam diam, a gravida dui laoreet at. Quisque vel rhoncus odio. Nam efficitur ante vel elit mollis, non laoreet nunc cursus. Integer convallis lorem tortor, vitae eleifend turpis aliquet at. Sed placerat felis nec orci elementum bibendum. Cras id magna vel mi hendrerit pulvinar. Suspendisse et gravida lectus."
Andouille Sausage,Pork,"Lorem ipsum dolor sit amet, consectetur adipiscing elit. Mauris eu nisi massa. Praesent euismod quam diam, a gravida dui laoreet at. Quisque vel rhoncus odio. Nam efficitur ante vel elit mollis, non laoreet nunc cursus. Integer convallis lorem tortor, vitae eleifend turpis aliquet at. Sed placerat felis nec orci elementum bibendum. Cras id magna vel mi hendrerit pulvinar. Suspendisse et gravida lectus."
Beef Tenderloin,Beef,"Lorem ipsum dolor sit amet, consectetur adipiscing elit. Mauris eu nisi massa. Praesent euismod quam diam, a gravida dui laoreet at. Quisque vel rhoncus odio. Nam efficitur ante vel elit mollis, non laoreet nunc cursus. Integer convallis lorem tortor, vitae eleifend turpis aliquet at. Sed placerat felis nec orci elementum bibendum. Cras id magna vel mi hendrerit pulvinar. Suspendisse et gravida lectus."
Turkey Wings,Poultry,"Lorem ipsum dolor sit amet, consectetur adipiscing elit. Mauris eu nisi massa. Praesent euismod quam diam, a gravida dui laoreet at. Quisque vel rhoncus odio. Nam efficitur ante vel elit mollis, non laoreet nunc cursus. Integer convallis lorem tortor, vitae eleifend turpis aliquet at. Sed placerat felis nec orci elementum bibendum. Cras id magna vel mi hendrerit pulvinar. Suspendisse et gravida lectus."
Baby Back Ribs,Pork,"Lorem ipsum dolor sit amet, consectetur adipiscing elit. Mauris eu nisi massa. Praesent euismod quam diam, a gravida dui laoreet at. Quisque vel rhoncus odio. Nam efficitur ante vel elit mollis, non laoreet nunc cursus. Integer convallis lorem tortor, vitae eleifend turpis aliquet at. Sed placerat felis nec orci elementum bibendum. Cras id magna vel mi hendrerit pulvinar. Suspendisse et gravida lectus."
Mussels,Seafood,"Lorem ipsum dolor sit amet, consectetur adipiscing elit. Mauris eu nisi massa. Praesent euismod quam diam, a gravida dui laoreet at. Quisque vel rhoncus odio. Nam efficitur ante vel elit mollis, non laoreet nunc cursus. Integer convallis lorem tortor, vitae eleifend turpis aliquet at. Sed placerat felis nec orci elementum bibendum. Cras id magna vel mi hendrerit pulvinar. Suspendisse et gravida lectus."
Rabbit,Wild,"Lorem ipsum dolor sit amet, consectetur adipiscing elit. Mauris eu nisi massa. Praesent euismod quam diam, a gravida dui laoreet at. Quisque vel rhoncus odio. Nam efficitur ante vel elit mollis, non laoreet nunc cursus. Integer convallis lorem tortor, vitae eleifend turpis aliquet at. Sed placerat felis nec orci elementum bibendum. Cras id magna vel mi hendrerit pulvinar. Suspendisse et gravida lectus."
Mahi-Mahi Fillet,Seafood,"Lorem ipsum dolor sit amet, consectetur adipiscing elit. Mauris eu nisi massa. Praesent euismod quam diam, a gravida dui laoreet at. Quisque vel rhoncus odio. Nam efficitur ante vel elit mollis, non laoreet nunc cursus. Integer convallis lorem tortor, vitae eleifend turpis aliquet at. Sed placerat felis nec orci elementum bibendum. Cras id magna vel mi hendrerit pulvinar. Suspendisse et gravida lectus."
Quail Eggs,Poultry,"Lorem ipsum dolor sit amet, consectetur adipiscing elit. Mauris eu nisi massa. Praesent euismod quam diam, a gravida dui laoreet at. Quisque vel rhoncus odio. Nam efficitur ante vel elit mollis, non laoreet nunc cursus. Integer convallis lorem tortor, vitae eleifend turpis aliquet at. Sed placerat felis nec orci elementum bibendum. Cras id magna vel mi hendrerit pulvinar. Suspendisse et gravida lectus."
New York Strip Steak,Beef,"Lorem ipsum dolor sit amet, consectetur adipiscing elit. Mauris eu nisi massa. Praesent euismod quam diam, a gravida dui laoreet at. Quisque vel rhoncus odio. Nam efficitur ante vel elit mollis, non laoreet nunc cursus. Integer convallis lorem tortor, vitae eleifend turpis aliquet at. Sed placerat felis nec orci elementum bibendum. Cras id magna vel mi hendrerit pulvinar. Suspendisse et gravida lectus."
Cornish Game Hen,Poultry,"Lorem ipsum dolor sit amet, consectetur adipiscing elit. Mauris eu nisi massa. Praesent euismod quam diam, a gravida dui laoreet at. Quisque vel rhoncus odio. Nam efficitur ante vel elit mollis, non laoreet nunc cursus. Integer convallis lorem tortor, vitae eleifend turpis aliquet at. Sed placerat felis nec orci elementum bibendum. Cras id magna vel mi hendrerit pulvinar. Suspendisse et gravida lectus."
Pork Tenderloin,Pork,"Lorem ipsum dolor sit amet, consectetur adipiscing elit. Mauris eu nisi massa. Praesent euismod quam diam, a gravida dui laoreet at. Quisque vel rhoncus odio. Nam efficitur ante vel elit mollis, non laoreet nunc cursus. Integer convallis lorem tortor, vitae eleifend turpis aliquet at. Sed placerat felis nec orci elementum bibendum. Cras id magna vel mi hendrerit pulvinar. Suspendisse et gravida lectus."
King Crab Legs,Seafood,"Lorem ipsum dolor sit amet, consectetur adipiscing elit. Mauris eu nisi massa. Praesent euismod quam diam, a gravida dui laoreet at. Quisque vel rhoncus odio. Nam efficitur ante vel elit mollis, non laoreet nunc cursus. Integer convallis lorem tortor, vitae eleifend turpis aliquet at. Sed placerat felis nec orci elementum bibendum. Cras id magna vel mi hendrerit pulvinar. Suspendisse et gravida lectus."
Goose Breast,Poultry,"Lorem ipsum dolor sit amet, consectetur adipiscing elit. Mauris eu nisi massa. Praesent euismod quam diam, a gravida dui laoreet at. Quisque vel rhoncus odio. Nam efficitur ante vel elit mollis, non laoreet nunc cursus. Integer convallis lorem tortor, vitae eleifend turpis aliquet at. Sed placerat felis nec orci elementum bibendum. Cras id magna vel mi hendrerit pulvinar. Suspendisse et gravida lectus."
Elk Steaks,Wild,"Lorem ipsum dolor sit amet, consectetur adipiscing elit. Mauris eu nisi massa. Praesent euismod quam diam, a gravida dui laoreet at. Quisque vel rhoncus odio. Nam efficitur ante vel elit mollis, non laoreet nunc cursus. Integer convallis lorem tortor, vitae eleifend turpis aliquet at. Sed placerat felis nec orci elementum bibendum. Cras id magna vel mi hendrerit pulvinar. Suspendisse et gravida lectus."
Linguica Sausage,Pork,"Lorem ipsum dolor sit amet, consectetur adipiscing elit. Mauris eu nisi massa. Praesent euismod quam diam, a gravida dui laoreet at. Quisque vel rhoncus odio. Nam efficitur ante vel elit mollis, non laoreet nunc cursus. Integer convallis lorem tortor, vitae eleifend turpis aliquet at. Sed placerat felis nec orci elementum bibendum. Cras id magna vel mi hendrerit pulvinar. Suspendisse et gravida lectus."
Red Snapper Fillet,Seafood,"Lorem ipsum dolor sit amet, consectetur adipiscing elit. Mauris eu nisi massa. Praesent euismod quam diam, a gravida dui laoreet at. Quisque vel rhoncus odio. Nam efficitur ante vel elit mollis, non laoreet nunc cursus. Integer convallis lorem tortor, vitae eleifend turpis aliquet at. Sed placerat felis nec orci elementum bibendum. Cras id magna vel mi hendrerit pulvinar. Suspendisse et gravida lectus."
Pheasant,Wild,"Lorem ipsum dolor sit amet, consectetur adipiscing elit. Mauris eu nisi massa. Praesent euismod quam diam, a gravida dui laoreet at. Quisque vel rhoncus odio. Nam efficitur ante vel elit mollis, non laoreet nunc cursus. Integer convallis lorem tortor, vitae eleifend turpis aliquet at. Sed placerat felis nec orci elementum bibendum. Cras id magna vel mi hendrerit pulvinar. Suspendisse et gravida lectus."
Chuck Roast,Beef,"Lorem ipsum dolor sit amet, consectetur adipiscing elit. Mauris eu nisi massa. Praesent euismod quam diam, a gravida dui laoreet at. Quisque vel rhoncus odio. Nam efficitur ante vel elit mollis, non laoreet nunc cursus. Integer convallis lorem tortor, vitae eleifend turpis aliquet at. Sed placerat felis nec orci elementum bibendum. Cras id magna vel mi hendrerit pulvinar. Suspendisse et gravida lectus."
Quail Meat,Poultry,"Lorem ipsum dolor sit amet, consectetur adipiscing elit. Mauris eu nisi massa. Praesent euismod quam diam, a gravida dui laoreet at. Quisque vel rhoncus odio. Nam efficitur ante vel elit mollis, non laoreet nunc cursus. Integer convallis lorem tortor, vitae eleifend turpis aliquet at. Sed placerat felis nec orci elementum bibendum. Cras id magna vel mi hendrerit pulvinar. Suspendisse et gravida lectus."
Bratwurst Sausage,Pork,"Lorem ipsum dolor sit amet, consectetur adipiscing elit. Mauris eu nisi massa. Praesent euismod quam diam, a gravida dui laoreet at. Quisque vel rhoncus odio. Nam efficitur ante vel elit mollis, non laoreet nunc cursus. Integer convallis lorem tortor, vitae eleifend turpis aliquet at. Sed placerat felis nec orci elementum bibendum. Cras id magna vel mi hendrerit pulvinar. Suspendisse et gravida lectus."
Flounder Fillet,Seafood,"Lorem ipsum dolor sit amet, consectetur adipiscing elit. Mauris eu nisi massa. Praesent euismod quam diam, a gravida dui laoreet at. Quisque vel rhoncus odio. Nam efficitur ante vel elit mollis, non laoreet nunc cursus. Integer convallis lorem tortor, vitae eleifend turpis aliquet at. Sed placerat felis nec orci elementum bibendum. Cras id magna vel mi hendrerit pulvinar. Suspendisse et gravida lectus."
Ostrich Steak,Wild,"Lorem ipsum dolor sit amet, consectetur adipiscing elit. Mauris eu nisi massa. Praesent euismod quam diam, a gravida dui laoreet at. Quisque vel rhoncus odio. Nam efficitur ante vel elit mollis, non laoreet nunc cursus. Integer convallis lorem tortor, vitae eleifend turpis aliquet at. Sed placerat felis nec orci elementum bibendum. Cras id magna vel mi hendrerit pulvinar. Suspendisse et gravida lectus."
Chateaubriand,Beef,"Lorem ipsum dolor sit amet, consectetur adipiscing elit. Mauris eu nisi massa. Praesent euismod quam diam, a gravida dui laoreet at. Quisque vel rhoncus odio. Nam efficitur ante vel elit mollis, non laoreet nunc cursus. Integer convallis lorem tortor, vitae eleifend turpis aliquet at. Sed placerat felis nec orci elementum bibendum. Cras id magna vel mi hendrerit pulvinar. Suspendisse et gravida lectus."
Turkey Drumettes,Poultry,"Lorem ipsum dolor sit amet, consectetur adipiscing elit. Mauris eu nisi massa. Praesent euismod quam diam, a gravida dui laoreet at. Quisque vel rhoncus odio. Nam efficitur ante vel elit mollis, non laoreet nunc cursus. Integer convallis lorem tortor, vitae eleifend turpis aliquet at. Sed placerat felis nec orci elementum bibendum. Cras id magna vel mi hendrerit pulvinar. Suspendisse et gravida lectus."
Boar Sausage,Wild,"Lorem ipsum dolor sit amet, consectetur adipiscing elit. Mauris eu nisi massa. Praesent euismod quam diam, a gravida dui laoreet at. Quisque vel rhoncus odio. Nam efficitur ante vel elit mollis, non laoreet nunc cursus. Integer convallis lorem tortor, vitae eleifend turpis aliquet at. Sed placerat felis nec orci elementum bibendum. Cras id magna vel mi hendrerit pulvinar. Suspendisse et gravida lectus."
Halibut Fillet,Seafood,"Lorem ipsum dolor sit amet, consectetur adipiscing elit. Mauris eu nisi massa. Praesent euismod quam diam, a gravida dui laoreet at. Quisque vel rhoncus odio. Nam efficitur ante vel elit mollis, non laoreet nunc cursus. Integer convallis lorem tortor, vitae eleifend turpis aliquet at. Sed placerat felis nec orci elementum bibendum. Cras id magna vel mi hendrerit pulvinar. Suspendisse et gravida lectus."
Kangaroo Meat,Wild,"Lorem ipsum dolor sit amet, consectetur adipiscing elit. Mauris eu nisi massa. Praesent euismod quam diam, a gravida dui laoreet at. Quisque vel rhoncus odio. Nam efficitur ante vel elit mollis, non laoreet nunc cursus. Integer convallis lorem tortor, vitae eleifend turpis aliquet at. Sed placerat felis nec orci elementum bibendum. Cras id magna vel mi hendrerit pulvinar. Suspendisse et gravida lectus."